Q1,Q2 (mediana),Q3,Q4 (máximo),D1,D2,D3,D4,D5,D6,D7,D8,D9,D10
37.83537,69.467735,132.6138275,5471.43943,22.24041,32.718866000000006,43.184856999999994,55.0635,69.467735,87.971192,114.46676799999997,156.479684,244.77907099999996,5471.43943
