Q1,Q2 (mediana),Q3,Q4 (máximo),D1,D2,D3,D4,D5,D6,D7,D8,D9,D10
3.26824,6.62756,13.14726,727.81986,1.56888,2.6893,3.84193,5.09175,6.62756,8.55842,11.2972,15.34367,24.63728,727.81986
